{
  "version": "2.0",
  "timestamp_iso": "2025-09-07T00:00:00Z",
  "proyecto": "Slip Premium — Producto Digital",
  "objetivo": "Comparar y asignar roles IA y optimizar el slip para producción",
  "estado_previo": [
    "Slip baseline de Shopify evaluado con métricas base",
    "Versión premium con chips, zebra, QC, modo térmico y QR internal",
    "Análisis PEC y BAEM realizados"
  ],
  "decisiones_clave": [
    "Mantener slip interno (sin llamadas externas)",
    "Activar modo térmico por tag `termica`",
    "Incluir fallback QR opcional en PNG"
  ],
  "artefactos": [
    "packing-slip.liquid", "README.md", "CHANGELOG.md", "LICENCE.txt", "PEC_result.json", "BAEM.json"
  ],
  "entorno": ["Shopify Admin", "A4/Letter printer", "80mm thermal printer"],
  "limites": { "ciclos_max": 50, "early_stop_delta": 0.0 },
  "politicas": {
    "idioma": "es-UY",
    "preguntar_una_vez": true,
    "seguir_con_supuestos": true,
    "cumplimiento_legal_UY": true
  },
  "salida_formato": [
    "Estado_actual", "Próximo_paso_concreto", "Plan_B_si_falla", "QA_rápido", "Log_decisiones", "Pendientes"
  ]
}