Ciclo,Resumen,Cambios,Métricas,Riesgos,Pendientes
1,"Resumen ciclo 1 (planificación, integración, crítica)",Cambios aplicados en ciclo 1,"{""calidad"": 0.851, ""estabilidad"": 0.881, ""cobertura"": 0.901}",Riesgos identificados ciclo 1,Pendientes ciclo 1
2,"Resumen ciclo 2 (planificación, integración, crítica)",Cambios aplicados en ciclo 2,"{""calidad"": 0.852, ""estabilidad"": 0.882, ""cobertura"": 0.902}",Riesgos identificados ciclo 2,Pendientes ciclo 2
3,"Resumen ciclo 3 (planificación, integración, crítica)",Cambios aplicados en ciclo 3,"{""calidad"": 0.853, ""estabilidad"": 0.883, ""cobertura"": 0.903}",Riesgos identificados ciclo 3,Pendientes ciclo 3
4,"Resumen ciclo 4 (planificación, integración, crítica)",Cambios aplicados en ciclo 4,"{""calidad"": 0.854, ""estabilidad"": 0.884, ""cobertura"": 0.904}",Riesgos identificados ciclo 4,Pendientes ciclo 4
5,"Resumen ciclo 5 (planificación, integración, crítica)",Cambios aplicados en ciclo 5,"{""calidad"": 0.855, ""estabilidad"": 0.885, ""cobertura"": 0.905}",Riesgos identificados ciclo 5,Pendientes ciclo 5
6,"Resumen ciclo 6 (planificación, integración, crítica)",Cambios aplicados en ciclo 6,"{""calidad"": 0.856, ""estabilidad"": 0.886, ""cobertura"": 0.906}",Riesgos identificados ciclo 6,Pendientes ciclo 6
7,"Resumen ciclo 7 (planificación, integración, crítica)",Cambios aplicados en ciclo 7,"{""calidad"": 0.857, ""estabilidad"": 0.887, ""cobertura"": 0.907}",Riesgos identificados ciclo 7,Pendientes ciclo 7
8,"Resumen ciclo 8 (planificación, integración, crítica)",Cambios aplicados en ciclo 8,"{""calidad"": 0.858, ""estabilidad"": 0.888, ""cobertura"": 0.908}",Riesgos identificados ciclo 8,Pendientes ciclo 8
9,"Resumen ciclo 9 (planificación, integración, crítica)",Cambios aplicados en ciclo 9,"{""calidad"": 0.859, ""estabilidad"": 0.889, ""cobertura"": 0.909}",Riesgos identificados ciclo 9,Pendientes ciclo 9
10,"Resumen ciclo 10 (planificación, integración, crítica)",Cambios aplicados en ciclo 10,"{""calidad"": 0.86, ""estabilidad"": 0.89, ""cobertura"": 0.91}",Riesgos identificados ciclo 10,Pendientes ciclo 10
11,"Resumen ciclo 11 (planificación, integración, crítica)",Cambios aplicados en ciclo 11,"{""calidad"": 0.861, ""estabilidad"": 0.891, ""cobertura"": 0.911}",Riesgos identificados ciclo 11,Pendientes ciclo 11
12,"Resumen ciclo 12 (planificación, integración, crítica)",Cambios aplicados en ciclo 12,"{""calidad"": 0.862, ""estabilidad"": 0.892, ""cobertura"": 0.912}",Riesgos identificados ciclo 12,Pendientes ciclo 12
13,"Resumen ciclo 13 (planificación, integración, crítica)",Cambios aplicados en ciclo 13,"{""calidad"": 0.863, ""estabilidad"": 0.893, ""cobertura"": 0.913}",Riesgos identificados ciclo 13,Pendientes ciclo 13
14,"Resumen ciclo 14 (planificación, integración, crítica)",Cambios aplicados en ciclo 14,"{""calidad"": 0.864, ""estabilidad"": 0.894, ""cobertura"": 0.914}",Riesgos identificados ciclo 14,Pendientes ciclo 14
15,"Resumen ciclo 15 (planificación, integración, crítica)",Cambios aplicados en ciclo 15,"{""calidad"": 0.865, ""estabilidad"": 0.895, ""cobertura"": 0.915}",Riesgos identificados ciclo 15,Pendientes ciclo 15
16,"Resumen ciclo 16 (planificación, integración, crítica)",Cambios aplicados en ciclo 16,"{""calidad"": 0.866, ""estabilidad"": 0.896, ""cobertura"": 0.916}",Riesgos identificados ciclo 16,Pendientes ciclo 16
17,"Resumen ciclo 17 (planificación, integración, crítica)",Cambios aplicados en ciclo 17,"{""calidad"": 0.867, ""estabilidad"": 0.897, ""cobertura"": 0.917}",Riesgos identificados ciclo 17,Pendientes ciclo 17
18,"Resumen ciclo 18 (planificación, integración, crítica)",Cambios aplicados en ciclo 18,"{""calidad"": 0.868, ""estabilidad"": 0.898, ""cobertura"": 0.918}",Riesgos identificados ciclo 18,Pendientes ciclo 18
19,"Resumen ciclo 19 (planificación, integración, crítica)",Cambios aplicados en ciclo 19,"{""calidad"": 0.869, ""estabilidad"": 0.899, ""cobertura"": 0.919}",Riesgos identificados ciclo 19,Pendientes ciclo 19
20,"Resumen ciclo 20 (planificación, integración, crítica)",Cambios aplicados en ciclo 20,"{""calidad"": 0.87, ""estabilidad"": 0.9, ""cobertura"": 0.92}",Riesgos identificados ciclo 20,Pendientes ciclo 20
21,"Resumen ciclo 21 (planificación, integración, crítica)",Cambios aplicados en ciclo 21,"{""calidad"": 0.871, ""estabilidad"": 0.901, ""cobertura"": 0.921}",Riesgos identificados ciclo 21,Pendientes ciclo 21
22,"Resumen ciclo 22 (planificación, integración, crítica)",Cambios aplicados en ciclo 22,"{""calidad"": 0.872, ""estabilidad"": 0.902, ""cobertura"": 0.922}",Riesgos identificados ciclo 22,Pendientes ciclo 22
23,"Resumen ciclo 23 (planificación, integración, crítica)",Cambios aplicados en ciclo 23,"{""calidad"": 0.873, ""estabilidad"": 0.903, ""cobertura"": 0.923}",Riesgos identificados ciclo 23,Pendientes ciclo 23
24,"Resumen ciclo 24 (planificación, integración, crítica)",Cambios aplicados en ciclo 24,"{""calidad"": 0.874, ""estabilidad"": 0.904, ""cobertura"": 0.924}",Riesgos identificados ciclo 24,Pendientes ciclo 24
25,"Resumen ciclo 25 (planificación, integración, crítica)",Cambios aplicados en ciclo 25,"{""calidad"": 0.875, ""estabilidad"": 0.905, ""cobertura"": 0.925}",Riesgos identificados ciclo 25,Pendientes ciclo 25
26,"Resumen ciclo 26 (planificación, integración, crítica)",Cambios aplicados en ciclo 26,"{""calidad"": 0.876, ""estabilidad"": 0.906, ""cobertura"": 0.926}",Riesgos identificados ciclo 26,Pendientes ciclo 26
27,"Resumen ciclo 27 (planificación, integración, crítica)",Cambios aplicados en ciclo 27,"{""calidad"": 0.877, ""estabilidad"": 0.907, ""cobertura"": 0.927}",Riesgos identificados ciclo 27,Pendientes ciclo 27
28,"Resumen ciclo 28 (planificación, integración, crítica)",Cambios aplicados en ciclo 28,"{""calidad"": 0.878, ""estabilidad"": 0.908, ""cobertura"": 0.928}",Riesgos identificados ciclo 28,Pendientes ciclo 28
29,"Resumen ciclo 29 (planificación, integración, crítica)",Cambios aplicados en ciclo 29,"{""calidad"": 0.879, ""estabilidad"": 0.909, ""cobertura"": 0.929}",Riesgos identificados ciclo 29,Pendientes ciclo 29
30,"Resumen ciclo 30 (planificación, integración, crítica)",Cambios aplicados en ciclo 30,"{""calidad"": 0.88, ""estabilidad"": 0.91, ""cobertura"": 0.93}",Riesgos identificados ciclo 30,Pendientes ciclo 30
31,"Resumen ciclo 31 (planificación, integración, crítica)",Cambios aplicados en ciclo 31,"{""calidad"": 0.881, ""estabilidad"": 0.911, ""cobertura"": 0.931}",Riesgos identificados ciclo 31,Pendientes ciclo 31
32,"Resumen ciclo 32 (planificación, integración, crítica)",Cambios aplicados en ciclo 32,"{""calidad"": 0.882, ""estabilidad"": 0.912, ""cobertura"": 0.932}",Riesgos identificados ciclo 32,Pendientes ciclo 32
33,"Resumen ciclo 33 (planificación, integración, crítica)",Cambios aplicados en ciclo 33,"{""calidad"": 0.883, ""estabilidad"": 0.913, ""cobertura"": 0.933}",Riesgos identificados ciclo 33,Pendientes ciclo 33
34,"Resumen ciclo 34 (planificación, integración, crítica)",Cambios aplicados en ciclo 34,"{""calidad"": 0.884, ""estabilidad"": 0.914, ""cobertura"": 0.934}",Riesgos identificados ciclo 34,Pendientes ciclo 34
35,"Resumen ciclo 35 (planificación, integración, crítica)",Cambios aplicados en ciclo 35,"{""calidad"": 0.885, ""estabilidad"": 0.915, ""cobertura"": 0.935}",Riesgos identificados ciclo 35,Pendientes ciclo 35
36,"Resumen ciclo 36 (planificación, integración, crítica)",Cambios aplicados en ciclo 36,"{""calidad"": 0.886, ""estabilidad"": 0.916, ""cobertura"": 0.936}",Riesgos identificados ciclo 36,Pendientes ciclo 36
37,"Resumen ciclo 37 (planificación, integración, crítica)",Cambios aplicados en ciclo 37,"{""calidad"": 0.887, ""estabilidad"": 0.917, ""cobertura"": 0.937}",Riesgos identificados ciclo 37,Pendientes ciclo 37
38,"Resumen ciclo 38 (planificación, integración, crítica)",Cambios aplicados en ciclo 38,"{""calidad"": 0.888, ""estabilidad"": 0.918, ""cobertura"": 0.938}",Riesgos identificados ciclo 38,Pendientes ciclo 38
39,"Resumen ciclo 39 (planificación, integración, crítica)",Cambios aplicados en ciclo 39,"{""calidad"": 0.889, ""estabilidad"": 0.919, ""cobertura"": 0.939}",Riesgos identificados ciclo 39,Pendientes ciclo 39
40,"Resumen ciclo 40 (planificación, integración, crítica)",Cambios aplicados en ciclo 40,"{""calidad"": 0.89, ""estabilidad"": 0.92, ""cobertura"": 0.94}",Riesgos identificados ciclo 40,Pendientes ciclo 40
41,"Resumen ciclo 41 (planificación, integración, crítica)",Cambios aplicados en ciclo 41,"{""calidad"": 0.891, ""estabilidad"": 0.921, ""cobertura"": 0.941}",Riesgos identificados ciclo 41,Pendientes ciclo 41
42,"Resumen ciclo 42 (planificación, integración, crítica)",Cambios aplicados en ciclo 42,"{""calidad"": 0.892, ""estabilidad"": 0.922, ""cobertura"": 0.942}",Riesgos identificados ciclo 42,Pendientes ciclo 42
43,"Resumen ciclo 43 (planificación, integración, crítica)",Cambios aplicados en ciclo 43,"{""calidad"": 0.893, ""estabilidad"": 0.923, ""cobertura"": 0.943}",Riesgos identificados ciclo 43,Pendientes ciclo 43
44,"Resumen ciclo 44 (planificación, integración, crítica)",Cambios aplicados en ciclo 44,"{""calidad"": 0.894, ""estabilidad"": 0.924, ""cobertura"": 0.944}",Riesgos identificados ciclo 44,Pendientes ciclo 44
45,"Resumen ciclo 45 (planificación, integración, crítica)",Cambios aplicados en ciclo 45,"{""calidad"": 0.895, ""estabilidad"": 0.925, ""cobertura"": 0.945}",Riesgos identificados ciclo 45,Pendientes ciclo 45
46,"Resumen ciclo 46 (planificación, integración, crítica)",Cambios aplicados en ciclo 46,"{""calidad"": 0.896, ""estabilidad"": 0.926, ""cobertura"": 0.946}",Riesgos identificados ciclo 46,Pendientes ciclo 46
47,"Resumen ciclo 47 (planificación, integración, crítica)",Cambios aplicados en ciclo 47,"{""calidad"": 0.897, ""estabilidad"": 0.927, ""cobertura"": 0.947}",Riesgos identificados ciclo 47,Pendientes ciclo 47
48,"Resumen ciclo 48 (planificación, integración, crítica)",Cambios aplicados en ciclo 48,"{""calidad"": 0.898, ""estabilidad"": 0.928, ""cobertura"": 0.948}",Riesgos identificados ciclo 48,Pendientes ciclo 48
49,"Resumen ciclo 49 (planificación, integración, crítica)",Cambios aplicados en ciclo 49,"{""calidad"": 0.899, ""estabilidad"": 0.929, ""cobertura"": 0.949}",Riesgos identificados ciclo 49,Pendientes ciclo 49
50,"Resumen ciclo 50 (planificación, integración, crítica)",Cambios aplicados en ciclo 50,"{""calidad"": 0.9, ""estabilidad"": 0.93, ""cobertura"": 0.95}",Riesgos identificados ciclo 50,Pendientes ciclo 50
