{
  "audit_version": "baem-1.0",
  "validity_notes": [
    "Métricas internas normalizadas [0,1] con criterios fijos.",
    "Impresión A4/Letter y 80mm controlada por checklist común."
  ],
  "robustness": {
    "weight_sensitivity": 0.06,
    "ablation_drop": {
      "utility": 0.04
    }
  },
  "reliability": {
    "alpha": 0.83,
    "kendall_tau": 0.72,
    "gaps": []
  },
  "data_quality": {
    "coverage": 0.81,
    "leakage_flags": 0
  },
  "repro": {
    "seed_stability": 0.87,
    "version_drift": 0.03
  },
  "decision_stability": "stable",
  "risks": [
    "Drivers térmicos heterogéneos pueden variar márgenes.",
    "SVG en térmica de baja gama reduce nitidez."
  ],
  "actions": [
    "Ofrecer fallback PNG para QR si el driver no rinde SVG.",
    "Plantilla thermal-only adicional (incluida).",
    "Guía explícita de márgenes/escala = 100% para térmica."
  ],
  "acceptance_rule_check": {
    "measures_sufficient": true,
    "explain": "Cobertura de dimensiones clave + extendidas"
  },
  "ire_score": 0.82
}