{
  "prompt_id": "BMC-Slip-Premium-v2.1",
  "old_score": 0.684,
  "new_score": 0.8737,
  "delta_score": 0.1897,
  "closure_pct": 60.03,
  "decision": "Accepted",
  "improvements": [
    {
      "variable": "utility",
      "delta": 0.28,
      "agent": "DAN",
      "interaction": "DAN→AUTO",
      "reason": "Más campos operativos y check de picking/QC"
    },
    {
      "variable": "robustness",
      "delta": 0.28,
      "agent": "AUTO",
      "interaction": "AUTO→ANALYTICS",
      "reason": "Evita cortes, grid y tipografías estables"
    },
    {
      "variable": "efficiency",
      "delta": -0.03,
      "agent": "BLD",
      "interaction": "trade-off",
      "reason": "Más contenido/estilos por funcionalidad térmica"
    }
  ],
  "ranking": [
    {
      "factor": "utility / DAN→AUTO",
      "contribution": 0.084
    },
    {
      "factor": "robustness / AUTO→ANALYTICS",
      "contribution": 0.056
    },
    {
      "factor": "generalization / CRE→BLD",
      "contribution": 0.0125
    }
  ],
  "eval_team": {
    "coverage": 0.92,
    "consistency": 0.81,
    "evidence_validity": 0.87,
    "actionability": 0.78,
    "reproducibility": 0.83,
    "evolution_utility": 0.74,
    "ire_score": 0.82,
    "risks": [
      "márgenes térmicos por driver",
      "nitidez SVG en impresoras térmicas de baja gama"
    ],
    "actions": [
      "fallback PNG QR opcional",
      "paquete thermal-only incluido",
      "guía de impresión con escala 100% y márgenes Ninguno"
    ]
  }
}